{
  "mse": 0.00039725911726440247,
  "rmse": 0.01993136014587069,
  "mae": 0.008889990602075692,
  "r2": 0.9339032510821246
}