{
  "loss": [
    0.011501681990921497,
    0.004000557120889425,
    0.003552618669345975,
    0.0033797435462474823,
    0.0032821150962263346,
    0.0032065368723124266,
    0.003134982893243432,
    0.003062178147956729,
    0.002988052787259221,
    0.002913758158683777,
    0.002840118482708931,
    0.002767892088741064,
    0.0026978361420333385,
    0.0026304603088647127,
    0.002566092647612095,
    0.0025049024261534214,
    0.002446911996230483,
    0.002392061520367861,
    0.0023402271326631308,
    0.0022911971900612116,
    0.002244706964120269,
    0.002200438641011715,
    0.0021580446045845747,
    0.0021171497646719217,
    0.002077394397929311,
    0.002038390841335058,
    0.0019998953212052584,
    0.001961472677066922,
    0.00192343071103096,
    0.0018842623103410006,
    0.0018451308133080602,
    0.001805600943043828,
    0.0017658815486356616,
    0.0017257296713069081,
    0.001683829235844314,
    0.0016427801456302404,
    0.0016033510910347104,
    0.001562348217703402,
    0.0015232785372063518,
    0.0014854063047096133,
    0.0014491536421701312,
    0.0014142091386020184,
    0.001381410169415176,
    0.001349484664388001,
    0.0013181855902075768,
    0.0012883346062153578,
    0.0012592336861416698,
    0.0012307902798056602,
    0.0012007923796772957,
    0.0011712867999449372
  ],
  "val_loss": [
    0.003805436659604311,
    0.0029336789157241583,
    0.002712150802835822,
    0.002549431286752224,
    0.0024494363460689783,
    0.002370858332142234,
    0.0022937289904803038,
    0.002212710678577423,
    0.0021281717345118523,
    0.002041647909209132,
    0.001954562496393919,
    0.0018681780202314258,
    0.0017835992621257901,
    0.0017017778009176254,
    0.0016235511284321547,
    0.0015496184350922704,
    0.001480426755733788,
    0.0014161918079480529,
    0.0013569784350693226,
    0.0013027098029851913,
    0.0012531416723504663,
    0.0012078691506758332,
    0.0011663759360089898,
    0.0011280706385150552,
    0.0010923398658633232,
    0.0010585865238681436,
    0.0010262752184644341,
    0.0009950916282832623,
    0.0009639719501137733,
    0.0009334011701866984,
    0.0009027975029312074,
    0.0008722819620743394,
    0.0008404027903452516,
    0.0008089038310572505,
    0.0007771776872687042,
    0.0007456931052729487,
    0.0007136557251214981,
    0.0006823115982115269,
    0.0006516810390166938,
    0.0006217535701580346,
    0.0005938039976172149,
    0.0005662227631546557,
    0.0005402932874858379,
    0.0005160379223525524,
    0.0004933539894409478,
    0.0004720830183941871,
    0.000451956526376307,
    0.0004330275987740606,
    0.00041470074211247265,
    0.00039725913666188717
  ]
}